Name,Folder Path
A1606b0e6_0 (1).mp4,A1606b0e6_0
A1606b0e6_0 (10).mp4,A1606b0e6_0
A1606b0e6_0 (11).mp4,A1606b0e6_0
A1606b0e6_0 (12).mp4,A1606b0e6_0
A1606b0e6_0 (13).mp4,A1606b0e6_0
A1606b0e6_0 (14).mp4,A1606b0e6_0
A1606b0e6_0 (15).mp4,A1606b0e6_0
A1606b0e6_0 (16).mp4,A1606b0e6_0
A1606b0e6_0 (17).mp4,A1606b0e6_0
A1606b0e6_0 (18).mp4,A1606b0e6_0
A1606b0e6_0 (19).mp4,A1606b0e6_0
A1606b0e6_0 (2).mp4,A1606b0e6_0
A1606b0e6_0 (20).mp4,A1606b0e6_0
A1606b0e6_0 (21).mp4,A1606b0e6_0
A1606b0e6_0 (22).mp4,A1606b0e6_0
A1606b0e6_0 (23).mp4,A1606b0e6_0
A1606b0e6_0 (24).mp4,A1606b0e6_0
A1606b0e6_0 (25).mp4,A1606b0e6_0
A1606b0e6_0 (26).mp4,A1606b0e6_0
A1606b0e6_0 (27).mp4,A1606b0e6_0
A1606b0e6_0 (28).mp4,A1606b0e6_0
A1606b0e6_0 (29).mp4,A1606b0e6_0
A1606b0e6_0 (3).mp4,A1606b0e6_0
A1606b0e6_0 (30).mp4,A1606b0e6_0
A1606b0e6_0 (31).mp4,A1606b0e6_0
A1606b0e6_0 (32).mp4,A1606b0e6_0
A1606b0e6_0 (33).mp4,A1606b0e6_0
A1606b0e6_0 (34).mp4,A1606b0e6_0
A1606b0e6_0 (35).mp4,A1606b0e6_0
A1606b0e6_0 (36).mp4,A1606b0e6_0
A1606b0e6_0 (37).mp4,A1606b0e6_0
A1606b0e6_0 (38).mp4,A1606b0e6_0
A1606b0e6_0 (39).mp4,A1606b0e6_0
A1606b0e6_0 (4).mp4,A1606b0e6_0
A1606b0e6_0 (40).mp4,A1606b0e6_0
A1606b0e6_0 (41).mp4,A1606b0e6_0
A1606b0e6_0 (42).mp4,A1606b0e6_0
A1606b0e6_0 (43).mp4,A1606b0e6_0
A1606b0e6_0 (44).mp4,A1606b0e6_0
A1606b0e6_0 (45).mp4,A1606b0e6_0
A1606b0e6_0 (46).mp4,A1606b0e6_0
A1606b0e6_0 (47).mp4,A1606b0e6_0
A1606b0e6_0 (48).mp4,A1606b0e6_0
A1606b0e6_0 (49).mp4,A1606b0e6_0
A1606b0e6_0 (5).mp4,A1606b0e6_0
A1606b0e6_0 (50).mp4,A1606b0e6_0
A1606b0e6_0 (51).mp4,A1606b0e6_0
A1606b0e6_0 (52).mp4,A1606b0e6_0
A1606b0e6_0 (53).mp4,A1606b0e6_0
A1606b0e6_0 (54).mp4,A1606b0e6_0
A1606b0e6_0 (55).mp4,A1606b0e6_0
A1606b0e6_0 (56).mp4,A1606b0e6_0
A1606b0e6_0 (57).mp4,A1606b0e6_0
A1606b0e6_0 (58).mp4,A1606b0e6_0
A1606b0e6_0 (59).mp4,A1606b0e6_0
A1606b0e6_0 (6).mp4,A1606b0e6_0
A1606b0e6_0 (60).mp4,A1606b0e6_0
A1606b0e6_0 (61).mp4,A1606b0e6_0
A1606b0e6_0 (62).mp4,A1606b0e6_0
A1606b0e6_0 (63).mp4,A1606b0e6_0
A1606b0e6_0 (64).mp4,A1606b0e6_0
A1606b0e6_0 (65).mp4,A1606b0e6_0
A1606b0e6_0 (66).mp4,A1606b0e6_0
A1606b0e6_0 (67).mp4,A1606b0e6_0
A1606b0e6_0 (68).mp4,A1606b0e6_0
A1606b0e6_0 (69).mp4,A1606b0e6_0
A1606b0e6_0 (7).mp4,A1606b0e6_0
A1606b0e6_0 (70).mp4,A1606b0e6_0
A1606b0e6_0 (71).mp4,A1606b0e6_0
A1606b0e6_0 (72).mp4,A1606b0e6_0
A1606b0e6_0 (73).mp4,A1606b0e6_0
A1606b0e6_0 (74).mp4,A1606b0e6_0
A1606b0e6_0 (75).mp4,A1606b0e6_0
A1606b0e6_0 (76).mp4,A1606b0e6_0
A1606b0e6_0 (8).mp4,A1606b0e6_0
A1606b0e6_0 (9).mp4,A1606b0e6_0
B1606b0e6_1 (1).mp4,B1606b0e6_1
B1606b0e6_1 (10).mp4,B1606b0e6_1
B1606b0e6_1 (11).mp4,B1606b0e6_1
B1606b0e6_1 (12).mp4,B1606b0e6_1
B1606b0e6_1 (13).mp4,B1606b0e6_1
B1606b0e6_1 (14).mp4,B1606b0e6_1
B1606b0e6_1 (15).mp4,B1606b0e6_1
B1606b0e6_1 (16).mp4,B1606b0e6_1
B1606b0e6_1 (17).mp4,B1606b0e6_1
B1606b0e6_1 (18).mp4,B1606b0e6_1
B1606b0e6_1 (19).mp4,B1606b0e6_1
B1606b0e6_1 (2).mp4,B1606b0e6_1
B1606b0e6_1 (20).mp4,B1606b0e6_1
B1606b0e6_1 (21).mp4,B1606b0e6_1
B1606b0e6_1 (22).mp4,B1606b0e6_1
B1606b0e6_1 (23).mp4,B1606b0e6_1
B1606b0e6_1 (24).mp4,B1606b0e6_1
B1606b0e6_1 (25).mp4,B1606b0e6_1
B1606b0e6_1 (26).mp4,B1606b0e6_1
B1606b0e6_1 (27).mp4,B1606b0e6_1
B1606b0e6_1 (28).mp4,B1606b0e6_1
B1606b0e6_1 (29).mp4,B1606b0e6_1
B1606b0e6_1 (3).mp4,B1606b0e6_1
B1606b0e6_1 (30).mp4,B1606b0e6_1
B1606b0e6_1 (31).mp4,B1606b0e6_1
B1606b0e6_1 (32).mp4,B1606b0e6_1
B1606b0e6_1 (33).mp4,B1606b0e6_1
B1606b0e6_1 (34).mp4,B1606b0e6_1
B1606b0e6_1 (35).mp4,B1606b0e6_1
B1606b0e6_1 (36).mp4,B1606b0e6_1
B1606b0e6_1 (37).mp4,B1606b0e6_1
B1606b0e6_1 (38).mp4,B1606b0e6_1
B1606b0e6_1 (39).mp4,B1606b0e6_1
B1606b0e6_1 (4).mp4,B1606b0e6_1
B1606b0e6_1 (40).mp4,B1606b0e6_1
B1606b0e6_1 (41).mp4,B1606b0e6_1
B1606b0e6_1 (42).mp4,B1606b0e6_1
B1606b0e6_1 (43).mp4,B1606b0e6_1
B1606b0e6_1 (44).mp4,B1606b0e6_1
B1606b0e6_1 (45).mp4,B1606b0e6_1
B1606b0e6_1 (46).mp4,B1606b0e6_1
B1606b0e6_1 (47).mp4,B1606b0e6_1
B1606b0e6_1 (48).mp4,B1606b0e6_1
B1606b0e6_1 (49).mp4,B1606b0e6_1
B1606b0e6_1 (5).mp4,B1606b0e6_1
B1606b0e6_1 (50).mp4,B1606b0e6_1
B1606b0e6_1 (51).mp4,B1606b0e6_1
B1606b0e6_1 (52).mp4,B1606b0e6_1
B1606b0e6_1 (53).mp4,B1606b0e6_1
B1606b0e6_1 (54).mp4,B1606b0e6_1
B1606b0e6_1 (55).mp4,B1606b0e6_1
B1606b0e6_1 (56).mp4,B1606b0e6_1
B1606b0e6_1 (57).mp4,B1606b0e6_1
B1606b0e6_1 (58).mp4,B1606b0e6_1
B1606b0e6_1 (59).mp4,B1606b0e6_1
B1606b0e6_1 (6).mp4,B1606b0e6_1
B1606b0e6_1 (60).mp4,B1606b0e6_1
B1606b0e6_1 (61).mp4,B1606b0e6_1
B1606b0e6_1 (62).mp4,B1606b0e6_1
B1606b0e6_1 (63).mp4,B1606b0e6_1
B1606b0e6_1 (64).mp4,B1606b0e6_1
B1606b0e6_1 (65).mp4,B1606b0e6_1
B1606b0e6_1 (66).mp4,B1606b0e6_1
B1606b0e6_1 (67).mp4,B1606b0e6_1
B1606b0e6_1 (68).mp4,B1606b0e6_1
B1606b0e6_1 (69).mp4,B1606b0e6_1
B1606b0e6_1 (7).mp4,B1606b0e6_1
B1606b0e6_1 (70).mp4,B1606b0e6_1
B1606b0e6_1 (71).mp4,B1606b0e6_1
B1606b0e6_1 (72).mp4,B1606b0e6_1
B1606b0e6_1 (73).mp4,B1606b0e6_1
B1606b0e6_1 (74).mp4,B1606b0e6_1
B1606b0e6_1 (75).mp4,B1606b0e6_1
B1606b0e6_1 (76).mp4,B1606b0e6_1
B1606b0e6_1 (77).mp4,B1606b0e6_1
B1606b0e6_1 (78).mp4,B1606b0e6_1
B1606b0e6_1 (79).mp4,B1606b0e6_1
B1606b0e6_1 (8).mp4,B1606b0e6_1
B1606b0e6_1 (80).mp4,B1606b0e6_1
B1606b0e6_1 (81).mp4,B1606b0e6_1
B1606b0e6_1 (82).mp4,B1606b0e6_1
B1606b0e6_1 (83).mp4,B1606b0e6_1
B1606b0e6_1 (84).mp4,B1606b0e6_1
B1606b0e6_1 (85).mp4,B1606b0e6_1
B1606b0e6_1 (86).mp4,B1606b0e6_1
B1606b0e6_1 (87).mp4,B1606b0e6_1
B1606b0e6_1 (88).mp4,B1606b0e6_1
B1606b0e6_1 (89).mp4,B1606b0e6_1
B1606b0e6_1 (9).mp4,B1606b0e6_1
B1606b0e6_1 (90).mp4,B1606b0e6_1
B1606b0e6_1 (91).mp4,B1606b0e6_1
B1606b0e6_1 (92).mp4,B1606b0e6_1
C35bd9041_0 (1).mp4,C35bd9041_0
C35bd9041_0 (10).mp4,C35bd9041_0
C35bd9041_0 (11).mp4,C35bd9041_0
C35bd9041_0 (12).mp4,C35bd9041_0
C35bd9041_0 (13).mp4,C35bd9041_0
C35bd9041_0 (14).mp4,C35bd9041_0
C35bd9041_0 (15).mp4,C35bd9041_0
C35bd9041_0 (16).mp4,C35bd9041_0
C35bd9041_0 (17).mp4,C35bd9041_0
C35bd9041_0 (18).mp4,C35bd9041_0
C35bd9041_0 (19).mp4,C35bd9041_0
C35bd9041_0 (2).mp4,C35bd9041_0
C35bd9041_0 (20).mp4,C35bd9041_0
C35bd9041_0 (21).mp4,C35bd9041_0
C35bd9041_0 (22).mp4,C35bd9041_0
C35bd9041_0 (23).mp4,C35bd9041_0
C35bd9041_0 (24).mp4,C35bd9041_0
C35bd9041_0 (25).mp4,C35bd9041_0
C35bd9041_0 (26).mp4,C35bd9041_0
C35bd9041_0 (27).mp4,C35bd9041_0
C35bd9041_0 (28).mp4,C35bd9041_0
C35bd9041_0 (29).mp4,C35bd9041_0
C35bd9041_0 (3).mp4,C35bd9041_0
C35bd9041_0 (30).mp4,C35bd9041_0
C35bd9041_0 (31).mp4,C35bd9041_0
C35bd9041_0 (32).mp4,C35bd9041_0
C35bd9041_0 (33).mp4,C35bd9041_0
C35bd9041_0 (34).mp4,C35bd9041_0
C35bd9041_0 (35).mp4,C35bd9041_0
C35bd9041_0 (36).mp4,C35bd9041_0
C35bd9041_0 (37).mp4,C35bd9041_0
C35bd9041_0 (38).mp4,C35bd9041_0
C35bd9041_0 (39).mp4,C35bd9041_0
C35bd9041_0 (4).mp4,C35bd9041_0
C35bd9041_0 (40).mp4,C35bd9041_0
C35bd9041_0 (41).mp4,C35bd9041_0
C35bd9041_0 (42).mp4,C35bd9041_0
C35bd9041_0 (43).mp4,C35bd9041_0
C35bd9041_0 (44).mp4,C35bd9041_0
C35bd9041_0 (45).mp4,C35bd9041_0
C35bd9041_0 (46).mp4,C35bd9041_0
C35bd9041_0 (47).mp4,C35bd9041_0
C35bd9041_0 (48).mp4,C35bd9041_0
C35bd9041_0 (49).mp4,C35bd9041_0
C35bd9041_0 (5).mp4,C35bd9041_0
C35bd9041_0 (50).mp4,C35bd9041_0
C35bd9041_0 (51).mp4,C35bd9041_0
C35bd9041_0 (52).mp4,C35bd9041_0
C35bd9041_0 (53).mp4,C35bd9041_0
C35bd9041_0 (54).mp4,C35bd9041_0
C35bd9041_0 (55).mp4,C35bd9041_0
C35bd9041_0 (56).mp4,C35bd9041_0
C35bd9041_0 (57).mp4,C35bd9041_0
C35bd9041_0 (58).mp4,C35bd9041_0
C35bd9041_0 (59).mp4,C35bd9041_0
C35bd9041_0 (6).mp4,C35bd9041_0
C35bd9041_0 (60).mp4,C35bd9041_0
C35bd9041_0 (61).mp4,C35bd9041_0
C35bd9041_0 (62).mp4,C35bd9041_0
C35bd9041_0 (63).mp4,C35bd9041_0
C35bd9041_0 (64).mp4,C35bd9041_0
C35bd9041_0 (65).mp4,C35bd9041_0
C35bd9041_0 (66).mp4,C35bd9041_0
C35bd9041_0 (67).mp4,C35bd9041_0
C35bd9041_0 (68).mp4,C35bd9041_0
C35bd9041_0 (69).mp4,C35bd9041_0
C35bd9041_0 (7).mp4,C35bd9041_0
C35bd9041_0 (70).mp4,C35bd9041_0
C35bd9041_0 (71).mp4,C35bd9041_0
C35bd9041_0 (72).mp4,C35bd9041_0
C35bd9041_0 (73).mp4,C35bd9041_0
C35bd9041_0 (74).mp4,C35bd9041_0
C35bd9041_0 (75).mp4,C35bd9041_0
C35bd9041_0 (76).mp4,C35bd9041_0
C35bd9041_0 (77).mp4,C35bd9041_0
C35bd9041_0 (78).mp4,C35bd9041_0
C35bd9041_0 (79).mp4,C35bd9041_0
C35bd9041_0 (8).mp4,C35bd9041_0
C35bd9041_0 (80).mp4,C35bd9041_0
C35bd9041_0 (81).mp4,C35bd9041_0
C35bd9041_0 (82).mp4,C35bd9041_0
C35bd9041_0 (83).mp4,C35bd9041_0
C35bd9041_0 (9).mp4,C35bd9041_0
D35bd9041_1 (1).mp4,D35bd9041_1
D35bd9041_1 (10).mp4,D35bd9041_1
D35bd9041_1 (11).mp4,D35bd9041_1
D35bd9041_1 (12).mp4,D35bd9041_1
D35bd9041_1 (13).mp4,D35bd9041_1
D35bd9041_1 (14).mp4,D35bd9041_1
D35bd9041_1 (15).mp4,D35bd9041_1
D35bd9041_1 (16).mp4,D35bd9041_1
D35bd9041_1 (17).mp4,D35bd9041_1
D35bd9041_1 (18).mp4,D35bd9041_1
D35bd9041_1 (19).mp4,D35bd9041_1
D35bd9041_1 (2).mp4,D35bd9041_1
D35bd9041_1 (20).mp4,D35bd9041_1
D35bd9041_1 (21).mp4,D35bd9041_1
D35bd9041_1 (22).mp4,D35bd9041_1
D35bd9041_1 (23).mp4,D35bd9041_1
D35bd9041_1 (24).mp4,D35bd9041_1
D35bd9041_1 (25).mp4,D35bd9041_1
D35bd9041_1 (26).mp4,D35bd9041_1
D35bd9041_1 (27).mp4,D35bd9041_1
D35bd9041_1 (28).mp4,D35bd9041_1
D35bd9041_1 (29).mp4,D35bd9041_1
D35bd9041_1 (3).mp4,D35bd9041_1
D35bd9041_1 (30).mp4,D35bd9041_1
D35bd9041_1 (31).mp4,D35bd9041_1
D35bd9041_1 (32).mp4,D35bd9041_1
D35bd9041_1 (33).mp4,D35bd9041_1
D35bd9041_1 (34).mp4,D35bd9041_1
D35bd9041_1 (35).mp4,D35bd9041_1
D35bd9041_1 (36).mp4,D35bd9041_1
D35bd9041_1 (37).mp4,D35bd9041_1
D35bd9041_1 (38).mp4,D35bd9041_1
D35bd9041_1 (39).mp4,D35bd9041_1
D35bd9041_1 (4).mp4,D35bd9041_1
D35bd9041_1 (40).mp4,D35bd9041_1
D35bd9041_1 (41).mp4,D35bd9041_1
D35bd9041_1 (42).mp4,D35bd9041_1
D35bd9041_1 (43).mp4,D35bd9041_1
D35bd9041_1 (44).mp4,D35bd9041_1
D35bd9041_1 (45).mp4,D35bd9041_1
D35bd9041_1 (46).mp4,D35bd9041_1
D35bd9041_1 (47).mp4,D35bd9041_1
D35bd9041_1 (48).mp4,D35bd9041_1
D35bd9041_1 (49).mp4,D35bd9041_1
D35bd9041_1 (5).mp4,D35bd9041_1
D35bd9041_1 (50).mp4,D35bd9041_1
D35bd9041_1 (51).mp4,D35bd9041_1
D35bd9041_1 (52).mp4,D35bd9041_1
D35bd9041_1 (53).mp4,D35bd9041_1
D35bd9041_1 (54).mp4,D35bd9041_1
D35bd9041_1 (55).mp4,D35bd9041_1
D35bd9041_1 (56).mp4,D35bd9041_1
D35bd9041_1 (57).mp4,D35bd9041_1
D35bd9041_1 (58).mp4,D35bd9041_1
D35bd9041_1 (59).mp4,D35bd9041_1
D35bd9041_1 (6).mp4,D35bd9041_1
D35bd9041_1 (60).mp4,D35bd9041_1
D35bd9041_1 (61).mp4,D35bd9041_1
D35bd9041_1 (62).mp4,D35bd9041_1
D35bd9041_1 (63).mp4,D35bd9041_1
D35bd9041_1 (64).mp4,D35bd9041_1
D35bd9041_1 (65).mp4,D35bd9041_1
D35bd9041_1 (66).mp4,D35bd9041_1
D35bd9041_1 (67).mp4,D35bd9041_1
D35bd9041_1 (68).mp4,D35bd9041_1
D35bd9041_1 (69).mp4,D35bd9041_1
D35bd9041_1 (7).mp4,D35bd9041_1
D35bd9041_1 (70).mp4,D35bd9041_1
D35bd9041_1 (71).mp4,D35bd9041_1
D35bd9041_1 (72).mp4,D35bd9041_1
D35bd9041_1 (73).mp4,D35bd9041_1
D35bd9041_1 (74).mp4,D35bd9041_1
D35bd9041_1 (75).mp4,D35bd9041_1
D35bd9041_1 (76).mp4,D35bd9041_1
D35bd9041_1 (77).mp4,D35bd9041_1
D35bd9041_1 (78).mp4,D35bd9041_1
D35bd9041_1 (79).mp4,D35bd9041_1
D35bd9041_1 (8).mp4,D35bd9041_1
D35bd9041_1 (80).mp4,D35bd9041_1
D35bd9041_1 (81).mp4,D35bd9041_1
D35bd9041_1 (82).mp4,D35bd9041_1
D35bd9041_1 (83).mp4,D35bd9041_1
D35bd9041_1 (84).mp4,D35bd9041_1
D35bd9041_1 (85).mp4,D35bd9041_1
D35bd9041_1 (86).mp4,D35bd9041_1
D35bd9041_1 (87).mp4,D35bd9041_1
D35bd9041_1 (88).mp4,D35bd9041_1
D35bd9041_1 (89).mp4,D35bd9041_1
D35bd9041_1 (9).mp4,D35bd9041_1
D35bd9041_1 (90).mp4,D35bd9041_1
D35bd9041_1 (91).mp4,D35bd9041_1
D35bd9041_1 (92).mp4,D35bd9041_1
D35bd9041_1 (93).mp4,D35bd9041_1
E3c993bd2_0 (1).mp4,E3c993bd2_0
E3c993bd2_0 (10).mp4,E3c993bd2_0
E3c993bd2_0 (11).mp4,E3c993bd2_0
E3c993bd2_0 (12).mp4,E3c993bd2_0
E3c993bd2_0 (13).mp4,E3c993bd2_0
E3c993bd2_0 (14).mp4,E3c993bd2_0
E3c993bd2_0 (15).mp4,E3c993bd2_0
E3c993bd2_0 (16).mp4,E3c993bd2_0
E3c993bd2_0 (17).mp4,E3c993bd2_0
E3c993bd2_0 (18).mp4,E3c993bd2_0
E3c993bd2_0 (19).mp4,E3c993bd2_0
E3c993bd2_0 (2).mp4,E3c993bd2_0
E3c993bd2_0 (20).mp4,E3c993bd2_0
E3c993bd2_0 (21).mp4,E3c993bd2_0
E3c993bd2_0 (22).mp4,E3c993bd2_0
E3c993bd2_0 (23).mp4,E3c993bd2_0
E3c993bd2_0 (24).mp4,E3c993bd2_0
E3c993bd2_0 (25).mp4,E3c993bd2_0
E3c993bd2_0 (26).mp4,E3c993bd2_0
E3c993bd2_0 (27).mp4,E3c993bd2_0
E3c993bd2_0 (28).mp4,E3c993bd2_0
E3c993bd2_0 (29).mp4,E3c993bd2_0
E3c993bd2_0 (3).mp4,E3c993bd2_0
E3c993bd2_0 (30).mp4,E3c993bd2_0
E3c993bd2_0 (31).mp4,E3c993bd2_0
E3c993bd2_0 (32).mp4,E3c993bd2_0
E3c993bd2_0 (33).mp4,E3c993bd2_0
E3c993bd2_0 (34).mp4,E3c993bd2_0
E3c993bd2_0 (35).mp4,E3c993bd2_0
E3c993bd2_0 (36).mp4,E3c993bd2_0
E3c993bd2_0 (37).mp4,E3c993bd2_0
E3c993bd2_0 (38).mp4,E3c993bd2_0
E3c993bd2_0 (39).mp4,E3c993bd2_0
E3c993bd2_0 (4).mp4,E3c993bd2_0
E3c993bd2_0 (40).mp4,E3c993bd2_0
E3c993bd2_0 (41).mp4,E3c993bd2_0
E3c993bd2_0 (42).mp4,E3c993bd2_0
E3c993bd2_0 (43).mp4,E3c993bd2_0
E3c993bd2_0 (44).mp4,E3c993bd2_0
E3c993bd2_0 (45).mp4,E3c993bd2_0
E3c993bd2_0 (46).mp4,E3c993bd2_0
E3c993bd2_0 (47).mp4,E3c993bd2_0
E3c993bd2_0 (48).mp4,E3c993bd2_0
E3c993bd2_0 (49).mp4,E3c993bd2_0
E3c993bd2_0 (5).mp4,E3c993bd2_0
E3c993bd2_0 (50).mp4,E3c993bd2_0
E3c993bd2_0 (51).mp4,E3c993bd2_0
E3c993bd2_0 (52).mp4,E3c993bd2_0
E3c993bd2_0 (53).mp4,E3c993bd2_0
E3c993bd2_0 (54).mp4,E3c993bd2_0
E3c993bd2_0 (55).mp4,E3c993bd2_0
E3c993bd2_0 (56).mp4,E3c993bd2_0
E3c993bd2_0 (57).mp4,E3c993bd2_0
E3c993bd2_0 (58).mp4,E3c993bd2_0
E3c993bd2_0 (59).mp4,E3c993bd2_0
E3c993bd2_0 (6).mp4,E3c993bd2_0
E3c993bd2_0 (60).mp4,E3c993bd2_0
E3c993bd2_0 (61).mp4,E3c993bd2_0
E3c993bd2_0 (62).mp4,E3c993bd2_0
E3c993bd2_0 (63).mp4,E3c993bd2_0
E3c993bd2_0 (64).mp4,E3c993bd2_0
E3c993bd2_0 (65).mp4,E3c993bd2_0
E3c993bd2_0 (66).mp4,E3c993bd2_0
E3c993bd2_0 (67).mp4,E3c993bd2_0
E3c993bd2_0 (68).mp4,E3c993bd2_0
E3c993bd2_0 (69).mp4,E3c993bd2_0
E3c993bd2_0 (7).mp4,E3c993bd2_0
E3c993bd2_0 (70).mp4,E3c993bd2_0
E3c993bd2_0 (71).mp4,E3c993bd2_0
E3c993bd2_0 (72).mp4,E3c993bd2_0
E3c993bd2_0 (73).mp4,E3c993bd2_0
E3c993bd2_0 (74).mp4,E3c993bd2_0
E3c993bd2_0 (75).mp4,E3c993bd2_0
E3c993bd2_0 (76).mp4,E3c993bd2_0
E3c993bd2_0 (77).mp4,E3c993bd2_0
E3c993bd2_0 (78).mp4,E3c993bd2_0
E3c993bd2_0 (79).mp4,E3c993bd2_0
E3c993bd2_0 (8).mp4,E3c993bd2_0
E3c993bd2_0 (80).mp4,E3c993bd2_0
E3c993bd2_0 (81).mp4,E3c993bd2_0
E3c993bd2_0 (9).mp4,E3c993bd2_0
